id,tur,x,y,atandi,mesafe,sure,rank
1,Yangin,60.54,42.75,atandi,10.06,0.25,0
2,Polis,95.03,32.42,atandi,23.92,0.60,0
3,Polis,80.35,71.34,atandi,11.86,0.30,0
4,Yangin,34.73,46.08,atandi,12.30,0.31,0
5,Polis,99.74,25.42,atandi,40.77,1.02,0
6,Ambulans,4.94,44.84,atandi,3.17,0.08,0
7,Polis,77.49,0.07,atandi,27.40,0.68,0
8,Yangin,17.12,99.70,atandi,8.52,0.21,0
9,Ambulans,81.46,80.45,atandi,10.35,0.26,0
10,Yangin,78.51,93.28,atandi,2.82,0.07,0
11,Polis,64.18,96.64,atandi,11.78,0.29,0
12,Polis,35.89,1.95,atandi,18.58,0.46,0
13,Polis,34.31,8.80,atandi,19.53,0.49,0
14,Ambulans,10.47,53.39,atandi,3.04,0.08,0
15,Ambulans,61.88,75.35,atandi,4.25,0.11,0
16,Ambulans,18.15,96.47,atandi,3.00,0.08,0
17,Yangin,2.25,25.61,atandi,19.43,0.49,0
18,Polis,93.69,5.97,atandi,44.72,1.12,0
19,Polis,96.04,17.01,atandi,45.06,1.13,0
20,Yangin,60.81,98.64,atandi,15.36,0.38,0
21,Yangin,69.30,36.88,atandi,2.29,0.06,0
22,Ambulans,94.68,80.16,atandi,3.82,0.10,0
23,Ambulans,84.53,23.12,atandi,9.47,0.24,0
24,Yangin,19.44,79.18,atandi,5.00,0.12,0
25,Yangin,96.58,83.10,atandi,14.55,0.36,0
26,Ambulans,83.61,1.89,atandi,22.42,0.56,0
27,Ambulans,9.03,30.04,atandi,11.19,0.28,0
28,Yangin,7.55,22.54,atandi,22.93,0.57,0
29,Polis,17.72,80.86,atandi,6.77,0.17,0
30,Ambulans,10.43,16.14,atandi,1.54,0.04,0
31,Ambulans,31.93,76.34,atandi,7.04,0.18,0
32,Polis,94.84,59.16,atandi,23.31,0.58,0
33,Polis,11.35,58.59,atandi,6.48,0.16,0
34,Polis,94.72,99.11,atandi,18.95,0.47,0
35,Polis,62.60,73.32,atandi,5.23,0.13,0
36,Yangin,47.54,54.40,atandi,19.48,0.49,0
37,Yangin,0.06,98.94,atandi,4.28,0.11,0
38,Ambulans,98.75,10.35,atandi,32.50,0.81,0
39,Yangin,81.25,52.50,atandi,8.89,0.22,0
40,Polis,27.07,71.04,atandi,5.62,0.14,0
41,Yangin,55.25,56.27,atandi,21.43,0.54,0
42,Ambulans,4.10,55.46,atandi,13.46,0.34,0
43,Ambulans,76.47,76.78,atandi,18.16,0.45,0
44,Polis,24.32,83.40,atandi,2.25,0.06,0
45,Ambulans,95.05,41.87,atandi,15.79,0.39,0
46,Yangin,59.55,16.16,atandi,13.61,0.34,0
47,Yangin,44.38,83.97,atandi,4.68,0.12,0
48,Yangin,17.73,47.12,atandi,12.51,0.31,0
49,Ambulans,63.21,41.94,atandi,24.02,0.60,0
50,Ambulans,35.19,78.05,atandi,9.28,0.23,0
51,Ambulans,63.90,94.64,atandi,8.92,0.22,0
52,Yangin,36.93,37.12,atandi,7.83,0.20,0
53,Yangin,17.65,91.11,atandi,15.44,0.39,0
54,Ambulans,0.56,40.38,atandi,21.56,0.54,0
55,Yangin,94.34,47.87,atandi,16.09,0.40,0
56,Ambulans,13.82,14.51,atandi,3.99,0.10,0
57,Ambulans,73.30,68.61,atandi,22.11,0.55,0
58,Yangin,63.88,35.12,atandi,15.50,0.39,0
59,Ambulans,99.73,92.93,atandi,19.14,0.48,0
60,Yangin,64.68,40.21,atandi,18.12,0.45,0
61,Ambulans,5.00,0.58,atandi,12.14,0.30,0
62,Ambulans,79.99,57.54,atandi,46.17,1.15,0
63,Polis,89.46,0.49,atandi,68.73,1.72,0
64,Ambulans,47.88,10.59,atandi,1.20,0.03,0
65,Yangin,44.66,6.45,atandi,10.61,0.27,0
66,Yangin,82.82,1.41,atandi,10.74,0.27,0
67,Polis,47.06,87.98,atandi,7.08,0.18,0
68,Yangin,73.62,20.84,atandi,3.96,0.10,0
69,Yangin,86.78,18.14,atandi,2.30,0.06,0
70,Polis,56.40,88.71,atandi,11.29,0.28,0
71,Yangin,56.33,40.35,atandi,15.34,0.38,0
72,Ambulans,18.20,33.75,atandi,16.60,0.41,0
73,Ambulans,95.27,88.15,atandi,72.50,1.81,0
74,Polis,63.46,28.40,atandi,35.08,0.88,0
75,Yangin,16.20,38.94,atandi,26.30,0.66,0
76,Polis,11.18,50.20,atandi,6.86,0.17,0
77,Yangin,96.59,70.00,atandi,8.62,0.22,0
78,Ambulans,61.27,14.97,atandi,13.78,0.34,0
79,Ambulans,27.30,72.76,atandi,20.67,0.52,0
80,Ambulans,83.47,20.84,atandi,45.36,1.13,0
81,Yangin,75.32,76.13,atandi,6.67,0.17,0
82,Yangin,85.66,53.94,atandi,12.07,0.30,0
83,Ambulans,28.96,73.90,atandi,59.36,1.48,0
84,Ambulans,28.70,98.55,atandi,88.11,2.20,0
85,Ambulans,80.20,6.00,atanmadi,0.00,0.00,0
86,Yangin,6.90,98.87,atandi,13.55,0.34,0
87,Yangin,26.94,50.20,atandi,24.49,0.61,0
88,Polis,44.40,89.56,atandi,8.21,0.21,0
89,Yangin,79.03,10.50,atandi,2.23,0.06,0
90,Yangin,50.82,49.20,atandi,21.99,0.55,0
91,Yangin,16.62,48.41,atandi,46.18,1.15,0
92,Polis,34.38,61.06,atandi,2.20,0.06,0
93,Ambulans,95.28,49.15,atandi,87.43,2.19,0
94,Ambulans,63.07,55.41,atandi,47.11,1.18,0
95,Yangin,1.46,68.69,atandi,44.91,1.12,0
96,Polis,83.94,8.49,atandi,71.36,1.78,0
97,Ambulans,37.95,53.07,atandi,32.55,0.81,0
98,Ambulans,83.83,98.10,atandi,62.99,1.57,0
99,Yangin,44.11,2.86,atandi,50.21,1.26,0
100,Yangin,80.50,11.22,atandi,83.46,2.09,0
101,Yangin,92.42,95.75,atandi,49.79,1.24,0
102,Yangin,3.25,47.32,atanmadi,0.00,0.00,0
103,Ambulans,22.54,79.86,atanmadi,0.00,0.00,0
104,Yangin,32.40,30.91,atanmadi,0.00,0.00,0
105,Ambulans,36.70,47.17,atanmadi,0.00,0.00,0
106,Ambulans,24.32,3.26,atanmadi,0.00,0.00,0
107,Ambulans,19.12,12.45,atanmadi,0.00,0.00,0
108,Ambulans,90.38,96.58,atanmadi,0.00,0.00,0
109,Yangin,26.94,60.66,atanmadi,0.00,0.00,0
110,Yangin,88.72,4.78,atanmadi,0.00,0.00,0
111,Yangin,27.46,9.16,atanmadi,0.00,0.00,0
112,Yangin,70.11,33.61,atanmadi,0.00,0.00,0
113,Polis,76.31,49.07,atandi,45.30,1.13,0
114,Yangin,12.58,70.22,atanmadi,0.00,0.00,0
115,Yangin,87.76,75.87,atanmadi,0.00,0.00,0
116,Yangin,41.81,70.52,atanmadi,0.00,0.00,0
117,Ambulans,95.06,93.82,atanmadi,0.00,0.00,0
118,Ambulans,40.99,98.14,atandi,60.43,1.51,0
119,Polis,29.77,52.02,atandi,12.29,0.31,0
120,Yangin,83.49,58.16,atanmadi,0.00,0.00,0
121,Yangin,93.27,40.62,atanmadi,0.00,0.00,0
122,Polis,97.49,69.02,atandi,63.58,1.59,0
123,Polis,62.15,92.70,atandi,27.58,0.69,0
124,Polis,83.59,28.35,atandi,71.37,1.78,0
125,Polis,75.97,93.08,atandi,52.34,1.31,0
126,Polis,35.92,58.28,atandi,35.31,0.88,0
127,Ambulans,87.15,84.45,atandi,31.06,0.78,0
128,Polis,98.06,69.71,atandi,80.64,2.02,0
129,Ambulans,93.62,33.63,atanmadi,0.00,0.00,0
130,Ambulans,72.73,43.62,atanmadi,0.00,0.00,0
131,Yangin,73.77,95.87,atandi,78.40,1.96,0
132,Polis,49.52,7.30,atandi,47.41,1.19,0
133,Ambulans,25.51,67.52,atanmadi,0.00,0.00,0
134,Yangin,42.38,97.67,atanmadi,0.00,0.00,0
135,Ambulans,38.60,93.64,atanmadi,0.00,0.00,0
136,Polis,4.31,83.72,atanmadi,0.00,0.00,0
137,Ambulans,52.50,22.29,atanmadi,0.00,0.00,0
138,Polis,73.99,46.36,atanmadi,0.00,0.00,0
139,Yangin,16.10,75.37,atanmadi,0.00,0.00,0
140,Polis,48.38,45.08,atanmadi,0.00,0.00,0
141,Ambulans,7.12,4.01,atanmadi,0.00,0.00,0
142,Polis,60.68,40.76,atanmadi,0.00,0.00,0
143,Ambulans,98.79,43.56,atanmadi,0.00,0.00,0
144,Ambulans,21.10,71.51,atanmadi,0.00,0.00,0
145,Yangin,55.02,52.14,atandi,46.32,1.16,0
146,Yangin,0.92,95.62,atandi,2.33,0.06,0
147,Ambulans,91.99,16.58,atanmadi,0.00,0.00,0
148,Ambulans,45.09,7.05,atanmadi,0.00,0.00,0
149,Ambulans,68.40,38.53,atanmadi,0.00,0.00,0
150,Ambulans,8.53,79.80,atanmadi,0.00,0.00,0
151,Ambulans,22.42,2.32,atanmadi,0.00,0.00,0
152,Yangin,30.56,93.98,atandi,16.44,0.41,0
153,Polis,76.23,93.84,atandi,51.83,1.30,0
154,Polis,83.78,96.07,atanmadi,0.00,0.00,0
155,Yangin,77.14,36.04,atanmadi,0.00,0.00,0
156,Yangin,17.59,79.28,atanmadi,0.00,0.00,0
157,Ambulans,17.24,72.56,atandi,54.84,1.37,0
158,Ambulans,17.35,53.26,atanmadi,0.00,0.00,0
159,Yangin,96.45,31.10,atanmadi,0.00,0.00,0
160,Yangin,77.18,21.74,atanmadi,0.00,0.00,0
161,Ambulans,48.97,89.53,atanmadi,0.00,0.00,0
162,Ambulans,73.07,53.67,atanmadi,0.00,0.00,0
163,Polis,96.44,17.05,atanmadi,0.00,0.00,0
164,Yangin,98.30,78.23,atanmadi,0.00,0.00,0
165,Polis,80.91,33.39,atanmadi,0.00,0.00,0
166,Ambulans,20.16,83.38,atanmadi,0.00,0.00,0
167,Yangin,14.49,64.13,atandi,36.41,0.91,0
168,Polis,38.62,36.85,atandi,48.40,1.21,0
169,Polis,37.83,30.37,atanmadi,0.00,0.00,0
170,Ambulans,4.01,55.73,atanmadi,0.00,0.00,0
171,Ambulans,55.49,53.52,atanmadi,0.00,0.00,0
172,Ambulans,26.44,49.41,atanmadi,0.00,0.00,0
173,Ambulans,85.42,28.75,atanmadi,0.00,0.00,0
174,Ambulans,93.37,15.52,atanmadi,0.00,0.00,0
175,Polis,47.87,78.48,atanmadi,0.00,0.00,0
176,Ambulans,51.26,46.36,atanmadi,0.00,0.00,0
177,Yangin,29.86,83.58,atandi,80.45,2.01,0
178,Ambulans,55.80,78.42,atanmadi,0.00,0.00,0
179,Polis,73.32,42.70,atanmadi,0.00,0.00,0
180,Ambulans,49.03,25.91,atanmadi,0.00,0.00,0
181,Ambulans,10.25,94.18,atanmadi,0.00,0.00,0
182,Yangin,51.33,48.28,atanmadi,0.00,0.00,0
183,Ambulans,57.13,52.02,atanmadi,0.00,0.00,0
184,Yangin,18.72,70.68,atanmadi,0.00,0.00,0
185,Yangin,96.11,21.75,atanmadi,0.00,0.00,0
186,Polis,83.43,33.20,atandi,73.46,1.84,0
187,Polis,84.62,47.91,atanmadi,0.00,0.00,0
188,Yangin,86.42,16.70,atanmadi,0.00,0.00,0
189,Polis,14.18,35.13,atanmadi,0.00,0.00,0
190,Polis,28.61,27.79,atanmadi,0.00,0.00,0
191,Ambulans,38.67,49.33,atanmadi,0.00,0.00,0
192,Ambulans,66.82,16.17,atanmadi,0.00,0.00,0
193,Polis,30.71,25.17,atanmadi,0.00,0.00,0
194,Ambulans,66.88,46.01,atanmadi,0.00,0.00,0
195,Polis,96.80,63.88,atandi,79.59,1.99,0
196,Ambulans,20.22,98.05,atanmadi,0.00,0.00,0
197,Ambulans,31.06,52.97,atanmadi,0.00,0.00,0
198,Ambulans,71.62,58.43,atanmadi,0.00,0.00,0
199,Yangin,86.53,21.06,atanmadi,0.00,0.00,0
200,Polis,90.05,18.53,atandi,93.12,2.33,0
201,Ambulans,28.16,12.31,atanmadi,0.00,0.00,0
202,Yangin,77.81,68.33,atanmadi,0.00,0.00,0
203,Polis,40.05,62.65,atanmadi,0.00,0.00,0
204,Yangin,51.86,22.07,atanmadi,0.00,0.00,0
205,Polis,75.24,2.54,atanmadi,0.00,0.00,0
206,Yangin,28.97,57.27,atandi,46.55,1.16,0
207,Yangin,30.60,43.87,atanmadi,0.00,0.00,0
208,Polis,35.46,50.42,atanmadi,0.00,0.00,0
209,Yangin,91.86,24.55,atanmadi,0.00,0.00,0
210,Yangin,35.52,12.49,atanmadi,0.00,0.00,0
211,Yangin,29.82,44.46,atanmadi,0.00,0.00,0
212,Polis,7.26,40.97,atanmadi,0.00,0.00,0
213,Yangin,65.49,28.80,atanmadi,0.00,0.00,0
214,Ambulans,30.79,13.01,atandi,56.30,1.41,0
215,Polis,7.18,4.93,atanmadi,0.00,0.00,0
216,Ambulans,3.14,35.46,atanmadi,0.00,0.00,0
217,Polis,98.61,3.05,atanmadi,0.00,0.00,0
218,Ambulans,78.09,13.31,atanmadi,0.00,0.00,0
219,Polis,74.55,25.74,atanmadi,0.00,0.00,0
220,Ambulans,36.16,18.20,atanmadi,0.00,0.00,0
221,Yangin,16.87,35.87,atandi,58.82,1.47,0
222,Yangin,35.11,12.62,atanmadi,0.00,0.00,0
223,Polis,56.93,45.24,atanmadi,0.00,0.00,0
224,Yangin,44.39,2.85,atanmadi,0.00,0.00,0
225,Ambulans,38.14,88.49,atanmadi,0.00,0.00,0
226,Yangin,75.15,54.37,atanmadi,0.00,0.00,0
227,Ambulans,15.53,56.61,atanmadi,0.00,0.00,0
228,Ambulans,50.53,41.34,atanmadi,0.00,0.00,0
229,Polis,24.52,36.02,atanmadi,0.00,0.00,0
230,Yangin,53.87,13.19,atanmadi,0.00,0.00,0
231,Polis,54.26,86.56,atanmadi,0.00,0.00,0
232,Yangin,17.74,7.55,atanmadi,0.00,0.00,0
233,Yangin,69.71,8.94,atanmadi,0.00,0.00,0
234,Yangin,28.55,33.05,atanmadi,0.00,0.00,0
235,Ambulans,51.10,25.83,atanmadi,0.00,0.00,0
236,Ambulans,10.45,36.04,atanmadi,0.00,0.00,0
237,Yangin,21.67,71.15,atanmadi,0.00,0.00,0
238,Polis,42.11,84.33,atanmadi,0.00,0.00,0
239,Yangin,12.29,63.37,atanmadi,0.00,0.00,0
240,Yangin,79.22,92.15,atanmadi,0.00,0.00,0
241,Yangin,80.20,3.88,atanmadi,0.00,0.00,0
242,Ambulans,7.06,77.42,atanmadi,0.00,0.00,0
243,Ambulans,30.52,90.17,atanmadi,0.00,0.00,0
244,Ambulans,25.25,58.91,atanmadi,0.00,0.00,0
245,Yangin,0.18,63.12,atanmadi,0.00,0.00,0
246,Ambulans,42.02,79.82,atanmadi,0.00,0.00,0
247,Polis,90.14,44.53,atandi,66.20,1.66,0
248,Yangin,13.97,40.60,atandi,30.93,0.77,0
249,Yangin,34.09,12.28,atandi,79.15,1.98,0
250,Ambulans,75.99,65.95,atanmadi,0.00,0.00,0
251,Yangin,91.04,40.99,atandi,10.21,0.26,1
252,Polis,21.07,99.70,atandi,5.10,0.13,1
253,Yangin,35.18,31.00,atandi,13.90,0.35,1
254,Yangin,97.38,23.52,atandi,1.83,0.05,1
255,Polis,17.99,93.83,atandi,11.39,0.28,1
256,Ambulans,71.80,20.87,atandi,5.56,0.14,1
257,Ambulans,39.77,6.59,atandi,17.52,0.44,1
258,Ambulans,86.94,60.78,atandi,8.06,0.20,1
259,Yangin,7.49,47.69,atandi,7.71,0.19,1
260,Ambulans,18.79,20.43,atandi,3.70,0.09,1
261,Ambulans,54.18,38.74,atandi,10.56,0.26,1
262,Yangin,71.61,29.22,atandi,14.30,0.36,1
263,Yangin,91.54,15.65,atandi,13.04,0.33,1
264,Yangin,30.09,2.51,atandi,4.26,0.11,1
265,Polis,8.64,45.66,atandi,6.42,0.16,1
266,Polis,9.62,64.27,atandi,9.11,0.23,1
267,Yangin,77.76,6.52,atandi,7.19,0.18,1
268,Yangin,53.27,52.99,atandi,2.74,0.07,1
269,Ambulans,98.31,47.70,atandi,0.61,0.02,1
270,Polis,36.36,72.67,atandi,3.44,0.09,1
271,Yangin,71.86,11.02,atandi,1.06,0.03,1
272,Polis,38.51,71.44,atandi,10.30,0.26,1
273,Polis,40.45,75.94,atandi,12.42,0.31,1
274,Polis,22.80,23.20,atandi,6.60,0.17,1
275,Ambulans,4.38,29.94,atandi,17.22,0.43,1
276,Ambulans,5.52,73.22,atandi,15.02,0.38,1
277,Yangin,63.52,70.34,atandi,6.11,0.15,1
278,Polis,39.15,16.92,atandi,5.31,0.13,1
279,Yangin,25.09,57.94,atandi,2.61,0.07,1
280,Yangin,36.22,98.79,atandi,5.24,0.13,1
281,Yangin,99.31,18.23,atandi,35.92,0.90,1
282,Polis,48.93,9.83,atandi,3.78,0.09,1
283,Ambulans,90.98,28.07,atandi,13.36,0.33,1
284,Yangin,82.29,19.16,atandi,29.79,0.74,1
285,Ambulans,39.55,23.88,atandi,6.78,0.17,1
286,Yangin,71.42,36.69,atandi,17.55,0.44,1
287,Polis,21.51,51.78,atandi,5.92,0.15,1
288,Polis,47.80,50.08,atandi,6.05,0.15,1
289,Polis,8.95,81.07,atandi,15.12,0.38,1
290,Ambulans,40.44,20.57,atandi,21.16,0.53,1
291,Ambulans,1.55,59.43,atandi,33.83,0.85,1
292,Polis,45.57,47.26,atandi,13.06,0.33,1
293,Yangin,92.57,84.54,atandi,7.31,0.18,1
294,Ambulans,29.12,77.25,atandi,2.27,0.06,1
295,Ambulans,72.23,38.38,atandi,19.52,0.49,1
296,Yangin,8.40,73.86,atandi,5.79,0.14,1
297,Yangin,22.14,73.68,atandi,14.37,0.36,1
298,Polis,4.45,59.29,atandi,27.56,0.69,1
299,Polis,53.88,64.51,atandi,6.75,0.17,1
300,Yangin,56.49,49.27,atandi,8.31,0.21,1
301,Polis,27.92,1.09,atandi,9.67,0.24,1
302,Yangin,61.93,15.67,atandi,11.74,0.29,1
303,Polis,88.28,98.73,atandi,15.48,0.39,1
304,Ambulans,15.77,20.16,atandi,29.94,0.75,1
305,Ambulans,52.57,62.62,atandi,4.82,0.12,1
306,Yangin,87.74,15.52,atandi,13.82,0.35,1
307,Polis,52.60,67.31,atandi,29.03,0.73,1
308,Yangin,25.86,90.33,atandi,10.77,0.27,1
309,Ambulans,89.00,72.32,atandi,22.22,0.56,1
310,Yangin,30.10,16.01,atandi,5.93,0.15,1
311,Polis,17.35,54.34,atandi,29.68,0.74,1
312,Ambulans,41.06,3.77,atandi,17.82,0.45,1
313,Yangin,40.27,80.97,atandi,28.37,0.71,1
314,Yangin,16.36,22.86,atandi,12.41,0.31,1
315,Yangin,88.94,45.22,atandi,11.74,0.29,1
316,Ambulans,36.72,44.89,atandi,8.85,0.22,1
317,Polis,55.26,21.20,atandi,10.89,0.27,1
318,Polis,1.73,27.28,atandi,9.88,0.25,1
319,Polis,69.09,62.09,atandi,20.88,0.52,1
320,Yangin,41.27,47.20,atandi,17.47,0.44,1
321,Ambulans,12.09,23.90,atandi,50.55,1.26,1
322,Ambulans,72.62,47.24,atandi,19.80,0.49,1
323,Polis,70.57,17.00,atandi,2.34,0.06,1
324,Yangin,24.92,14.52,atandi,11.37,0.28,1
325,Yangin,30.60,70.68,atandi,18.77,0.47,1
326,Polis,38.92,8.52,atandi,3.76,0.09,1
327,Polis,63.66,58.60,atandi,26.04,0.65,1
328,Ambulans,87.60,71.05,atandi,25.17,0.63,1
329,Ambulans,95.97,73.44,atandi,31.64,0.79,1
330,Ambulans,28.70,31.79,atandi,46.86,1.17,1
331,Ambulans,71.29,87.29,atandi,22.65,0.57,1
332,Ambulans,60.20,45.93,atandi,51.61,1.29,1
333,Ambulans,72.03,67.55,atandi,38.80,0.97,1
334,Polis,38.28,19.93,atandi,9.06,0.23,1
335,Ambulans,94.05,91.61,atandi,72.85,1.82,1
336,Polis,91.45,20.44,atandi,5.17,0.13,1
337,Polis,95.25,26.59,atandi,4.20,0.10,1
338,Polis,55.43,34.42,atandi,29.36,0.73,1
339,Ambulans,8.34,43.53,atanmadi,0.00,0.00,0
340,Yangin,68.25,46.98,atandi,13.42,0.34,1
341,Polis,87.39,34.36,atandi,32.24,0.81,1
342,Polis,8.57,7.61,atandi,10.05,0.25,1
343,Yangin,81.88,6.48,atandi,33.46,0.84,1
344,Ambulans,15.93,83.01,atanmadi,0.00,0.00,0
345,Polis,11.88,50.42,atandi,47.56,1.19,1
346,Polis,36.46,13.37,atandi,82.41,2.06,1
347,Polis,5.16,25.98,atanmadi,0.00,0.00,0
348,Polis,67.83,4.46,atanmadi,0.00,0.00,0
349,Yangin,18.48,89.86,atandi,6.61,0.17,1
350,Ambulans,67.14,63.75,atanmadi,0.00,0.00,0
351,Ambulans,79.29,51.41,atandi,54.87,1.37,1
352,Polis,98.38,3.53,atanmadi,0.00,0.00,0
353,Yangin,48.28,91.83,atandi,29.77,0.74,1
354,Yangin,65.17,10.49,atandi,26.12,0.65,1
355,Polis,5.47,9.33,atanmadi,0.00,0.00,0
356,Ambulans,12.41,97.34,atandi,78.23,1.96,1
357,Ambulans,8.14,42.79,atanmadi,0.00,0.00,0
358,Yangin,97.15,80.17,atandi,6.66,0.17,1
359,Polis,70.18,65.06,atandi,38.10,0.95,1
360,Ambulans,2.46,4.46,atanmadi,0.00,0.00,0
361,Polis,8.51,61.81,atanmadi,0.00,0.00,0
362,Polis,95.89,51.21,atanmadi,0.00,0.00,0
363,Yangin,34.18,10.06,atandi,32.45,0.81,1
364,Ambulans,80.18,6.38,atanmadi,0.00,0.00,0
365,Ambulans,21.34,93.81,atanmadi,0.00,0.00,0
366,Ambulans,61.40,28.57,atanmadi,0.00,0.00,0
367,Yangin,30.27,2.94,atandi,30.04,0.75,1
368,Polis,19.36,4.45,atanmadi,0.00,0.00,0
369,Yangin,73.00,92.48,atandi,19.07,0.48,1
370,Yangin,43.38,53.57,atandi,20.32,0.51,1
371,Polis,91.78,2.98,atanmadi,0.00,0.00,0
372,Ambulans,42.65,44.63,atanmadi,0.00,0.00,0
373,Ambulans,89.76,26.23,atanmadi,0.00,0.00,0
374,Polis,59.11,31.92,atanmadi,0.00,0.00,0
375,Polis,2.85,46.68,atanmadi,0.00,0.00,0
376,Ambulans,34.24,11.47,atanmadi,0.00,0.00,0
377,Yangin,19.41,22.91,atandi,20.75,0.52,1
378,Yangin,35.22,1.46,atandi,82.62,2.07,1
379,Ambulans,16.32,33.70,atanmadi,0.00,0.00,0
380,Polis,4.08,88.49,atandi,15.74,0.39,1
381,Ambulans,96.65,24.54,atanmadi,0.00,0.00,0
382,Ambulans,41.82,30.38,atanmadi,0.00,0.00,0
383,Polis,11.56,52.09,atandi,59.44,1.49,1
384,Yangin,91.86,7.95,atandi,64.39,1.61,1
385,Ambulans,98.51,21.76,atanmadi,0.00,0.00,0
386,Ambulans,22.59,40.83,atanmadi,0.00,0.00,0
387,Yangin,73.89,31.92,atandi,41.50,1.04,1
388,Ambulans,36.79,25.40,atanmadi,0.00,0.00,0
389,Polis,21.92,68.74,atandi,69.03,1.73,1
390,Yangin,14.21,10.17,atandi,71.12,1.78,1
391,Polis,4.85,14.85,atanmadi,0.00,0.00,0
392,Ambulans,4.40,16.40,atanmadi,0.00,0.00,0
393,Yangin,20.77,70.87,atandi,20.29,0.51,1
394,Ambulans,46.24,28.78,atanmadi,0.00,0.00,0
395,Yangin,27.74,58.65,atanmadi,0.00,0.00,0
396,Polis,53.61,43.64,atanmadi,0.00,0.00,0
397,Yangin,66.42,41.37,atanmadi,0.00,0.00,0
398,Polis,34.98,44.72,atanmadi,0.00,0.00,0
399,Ambulans,64.60,77.69,atandi,51.83,1.30,1
400,Yangin,52.04,64.51,atanmadi,0.00,0.00,0
401,Polis,99.40,72.12,atanmadi,0.00,0.00,0
402,Ambulans,60.99,75.46,atanmadi,0.00,0.00,0
403,Yangin,74.00,29.63,atanmadi,0.00,0.00,0
404,Yangin,94.77,81.00,atanmadi,0.00,0.00,0
405,Ambulans,74.79,37.11,atanmadi,0.00,0.00,0
406,Yangin,43.83,79.39,atanmadi,0.00,0.00,0
407,Yangin,62.51,42.21,atanmadi,0.00,0.00,0
408,Yangin,51.09,50.32,atanmadi,0.00,0.00,0
409,Yangin,81.06,94.04,atanmadi,0.00,0.00,0
410,Yangin,64.85,53.30,atanmadi,0.00,0.00,0
411,Polis,8.84,54.91,atandi,45.12,1.13,1
412,Yangin,32.67,17.61,atandi,76.11,1.90,1
413,Ambulans,53.94,88.59,atanmadi,0.00,0.00,0
414,Ambulans,41.45,62.83,atanmadi,0.00,0.00,0
415,Yangin,8.34,81.25,atanmadi,0.00,0.00,0
416,Yangin,54.74,36.10,atanmadi,0.00,0.00,0
417,Polis,29.81,37.66,atanmadi,0.00,0.00,0
418,Yangin,70.02,99.21,atanmadi,0.00,0.00,0
419,Polis,97.43,45.38,atanmadi,0.00,0.00,0
420,Yangin,42.21,55.27,atanmadi,0.00,0.00,0
421,Yangin,8.67,92.10,atanmadi,0.00,0.00,0
422,Yangin,59.62,2.40,atanmadi,0.00,0.00,0
423,Yangin,85.58,19.61,atanmadi,0.00,0.00,0
424,Ambulans,37.44,74.55,atanmadi,0.00,0.00,0
425,Polis,85.84,34.91,atandi,56.57,1.41,1
426,Ambulans,1.87,90.50,atandi,62.38,1.56,1
427,Polis,7.20,73.40,atandi,21.36,0.53,1
428,Polis,8.43,34.05,atanmadi,0.00,0.00,0
429,Polis,59.85,20.04,atanmadi,0.00,0.00,0
430,Yangin,68.03,76.49,atandi,8.38,0.21,1
431,Polis,20.65,71.39,atanmadi,0.00,0.00,0
432,Ambulans,74.09,38.94,atanmadi,0.00,0.00,0
433,Yangin,56.71,4.80,atanmadi,0.00,0.00,0
434,Ambulans,75.77,96.05,atanmadi,0.00,0.00,0
435,Yangin,23.62,97.84,atanmadi,0.00,0.00,0
436,Yangin,61.80,92.30,atanmadi,0.00,0.00,0
437,Ambulans,32.75,85.58,atanmadi,0.00,0.00,0
438,Ambulans,77.04,40.63,atanmadi,0.00,0.00,0
439,Yangin,76.77,39.55,atanmadi,0.00,0.00,0
440,Polis,79.89,24.37,atandi,39.35,0.98,1
441,Ambulans,71.05,54.88,atanmadi,0.00,0.00,0
442,Ambulans,30.19,51.78,atanmadi,0.00,0.00,0
443,Ambulans,27.52,99.05,atanmadi,0.00,0.00,0
444,Ambulans,11.67,92.33,atanmadi,0.00,0.00,0
445,Polis,13.64,35.28,atandi,19.09,0.48,1
446,Polis,50.76,68.21,atandi,37.38,0.93,1
447,Polis,92.32,79.00,atandi,51.23,1.28,1
448,Yangin,55.65,89.75,atandi,52.96,1.32,1
449,Polis,36.77,73.93,atandi,54.42,1.36,1
450,Yangin,20.31,79.29,atandi,91.21,2.28,1
451,Polis,85.59,7.02,atanmadi,0.00,0.00,0
452,Ambulans,22.21,58.93,atanmadi,0.00,0.00,0
453,Polis,94.26,9.16,atanmadi,0.00,0.00,0
454,Ambulans,38.93,29.74,atanmadi,0.00,0.00,0
455,Yangin,32.25,7.03,atandi,44.80,1.12,1
456,Yangin,58.86,26.30,atanmadi,0.00,0.00,0
457,Polis,46.28,57.83,atanmadi,0.00,0.00,0
458,Polis,61.12,21.65,atanmadi,0.00,0.00,0
459,Polis,17.17,1.71,atanmadi,0.00,0.00,0
460,Ambulans,94.33,17.57,atandi,50.81,1.27,1
461,Yangin,45.30,15.38,atandi,9.35,0.23,1
462,Polis,96.98,60.43,atanmadi,0.00,0.00,0
463,Polis,1.46,80.85,atanmadi,0.00,0.00,0
464,Ambulans,52.09,15.65,atandi,21.62,0.54,1
465,Polis,24.69,85.45,atanmadi,0.00,0.00,0
466,Yangin,44.06,20.14,atanmadi,0.00,0.00,0
467,Polis,89.99,28.07,atandi,6.22,0.16,1
468,Ambulans,96.61,44.86,atanmadi,0.00,0.00,0
469,Yangin,97.99,36.92,atanmadi,0.00,0.00,0
470,Polis,83.41,3.20,atandi,70.85,1.77,1
471,Ambulans,12.89,2.69,atanmadi,0.00,0.00,0
472,Yangin,38.02,94.57,atanmadi,0.00,0.00,0
473,Ambulans,85.02,89.58,atanmadi,0.00,0.00,0
474,Ambulans,93.11,23.26,atanmadi,0.00,0.00,0
475,Ambulans,44.87,99.59,atanmadi,0.00,0.00,0
476,Polis,75.11,10.28,atanmadi,0.00,0.00,0
477,Ambulans,59.84,59.78,atanmadi,0.00,0.00,0
478,Ambulans,91.21,72.93,atanmadi,0.00,0.00,0
479,Yangin,24.77,67.01,atandi,71.80,1.80,1
480,Polis,29.17,93.33,atanmadi,0.00,0.00,0
481,Polis,79.31,25.99,atanmadi,0.00,0.00,0
482,Polis,73.95,43.01,atanmadi,0.00,0.00,0
483,Polis,92.48,25.61,atanmadi,0.00,0.00,0
484,Polis,51.99,59.53,atanmadi,0.00,0.00,0
485,Polis,42.91,33.86,atanmadi,0.00,0.00,0
486,Polis,67.15,34.39,atanmadi,0.00,0.00,0
487,Polis,17.69,46.10,atanmadi,0.00,0.00,0
488,Yangin,87.41,22.00,atanmadi,0.00,0.00,0
489,Yangin,15.74,94.51,atanmadi,0.00,0.00,0
490,Ambulans,52.27,31.02,atanmadi,0.00,0.00,0
491,Yangin,34.84,15.62,atanmadi,0.00,0.00,0
492,Ambulans,56.73,47.11,atanmadi,0.00,0.00,0
493,Ambulans,96.59,16.92,atanmadi,0.00,0.00,0
494,Yangin,97.09,41.50,atanmadi,0.00,0.00,0
495,Ambulans,89.89,25.58,atanmadi,0.00,0.00,0
496,Polis,31.11,20.56,atandi,54.14,1.35,1
497,Ambulans,97.37,35.35,atanmadi,0.00,0.00,0
498,Polis,19.55,33.17,atanmadi,0.00,0.00,0
499,Ambulans,21.40,25.64,atanmadi,0.00,0.00,0
500,Ambulans,22.32,43.36,atanmadi,0.00,0.00,0
501,Polis,45.98,71.38,atandi,8.70,0.22,2
502,Yangin,19.40,51.25,atandi,7.54,0.19,2
503,Yangin,92.56,36.39,atandi,4.43,0.11,2
504,Polis,40.69,94.72,atandi,3.39,0.08,2
505,Polis,60.15,82.26,atandi,2.95,0.07,2
506,Ambulans,33.47,95.41,atandi,7.92,0.20,2
507,Ambulans,57.09,10.10,atandi,7.31,0.18,2
508,Yangin,65.71,19.94,atandi,0.37,0.01,2
509,Yangin,88.48,84.69,atandi,16.42,0.41,2
510,Polis,48.78,74.12,atandi,10.97,0.27,2
511,Ambulans,38.25,5.45,atandi,6.51,0.16,2
512,Polis,20.35,83.08,atandi,13.50,0.34,2
513,Yangin,2.79,76.73,atandi,12.02,0.30,2
514,Polis,94.99,80.50,atandi,8.30,0.21,2
515,Ambulans,93.02,64.04,atandi,6.42,0.16,2
516,Ambulans,32.91,59.74,atandi,19.81,0.50,2
517,Polis,17.20,82.39,atandi,16.65,0.42,2
518,Yangin,62.38,68.63,atandi,7.71,0.19,2
519,Yangin,62.98,42.43,atandi,5.44,0.14,2
520,Ambulans,41.03,28.00,atandi,8.57,0.21,2
521,Yangin,70.54,68.77,atandi,6.71,0.17,2
522,Polis,96.91,4.17,atandi,9.85,0.25,2
523,Yangin,0.08,31.42,atandi,6.01,0.15,2
524,Yangin,75.17,76.98,atandi,9.21,0.23,2
525,Polis,49.19,11.29,atandi,3.37,0.08,2
526,Ambulans,32.84,81.58,atandi,15.84,0.40,2
527,Ambulans,5.45,92.29,atandi,16.50,0.41,2
528,Ambulans,71.97,85.01,atandi,8.79,0.22,2
529,Yangin,12.36,17.14,atandi,11.02,0.28,2
530,Polis,46.98,99.12,atandi,16.01,0.40,2
531,Yangin,84.31,72.95,atandi,25.81,0.65,2
532,Yangin,30.43,32.30,atandi,18.72,0.47,2
533,Yangin,63.45,15.55,atandi,4.66,0.12,2
534,Polis,98.30,44.09,atandi,7.95,0.20,2
535,Ambulans,75.26,20.11,atandi,15.72,0.39,2
536,Ambulans,83.61,68.53,atandi,13.22,0.33,2
537,Ambulans,61.67,98.32,atandi,7.42,0.19,2
538,Ambulans,79.33,93.33,atandi,8.07,0.20,2
539,Polis,22.83,10.46,atandi,11.04,0.28,2
540,Polis,85.01,36.77,atandi,8.39,0.21,2
541,Yangin,41.71,14.57,atandi,11.45,0.29,2
542,Ambulans,42.59,28.41,atandi,8.37,0.21,2
543,Polis,79.18,22.21,atandi,8.23,0.21,2
544,Yangin,82.34,56.34,atandi,25.49,0.64,2
545,Ambulans,16.06,97.11,atandi,36.14,0.90,2
546,Polis,75.10,63.18,atandi,10.21,0.26,2
547,Yangin,8.56,45.03,atandi,4.65,0.12,2
548,Ambulans,14.72,37.96,atandi,14.27,0.36,2
549,Polis,67.28,1.68,atandi,3.87,0.10,2
550,Polis,47.99,7.55,atandi,17.11,0.43,2
551,Yangin,40.46,54.76,atandi,10.87,0.27,2
552,Polis,19.88,99.01,atandi,9.99,0.25,2
553,Ambulans,49.56,19.44,atandi,18.05,0.45,2
554,Ambulans,73.59,16.92,atandi,18.80,0.47,2
555,Yangin,44.61,15.85,atandi,9.39,0.23,2
556,Polis,46.63,65.84,atandi,6.21,0.16,2
557,Polis,15.56,53.75,atandi,23.68,0.59,2
558,Ambulans,81.01,87.76,atandi,16.81,0.42,2
559,Yangin,91.47,93.20,atandi,46.20,1.16,2
560,Ambulans,90.34,46.46,atandi,9.78,0.24,2
561,Polis,4.03,11.50,atandi,2.03,0.05,2
562,Ambulans,87.03,2.60,atandi,30.97,0.77,2
563,Polis,33.62,39.68,atandi,10.44,0.26,2
564,Yangin,90.91,4.24,atandi,8.03,0.20,2
565,Yangin,25.21,13.41,atandi,2.32,0.06,2
566,Ambulans,39.65,98.94,atandi,19.94,0.50,2
567,Yangin,62.83,40.20,atandi,12.04,0.30,2
568,Polis,43.07,79.26,atandi,4.89,0.12,2
569,Ambulans,55.51,53.46,atandi,10.99,0.27,2
570,Ambulans,40.70,67.39,atandi,22.13,0.55,2
571,Polis,84.49,69.79,atandi,12.50,0.31,2
572,Ambulans,22.79,37.60,atandi,22.62,0.57,2
573,Polis,99.73,87.92,atandi,23.69,0.59,2
574,Polis,10.31,14.85,atandi,10.33,0.26,2
575,Polis,17.18,21.78,atandi,45.34,1.13,2
576,Ambulans,31.83,56.83,atandi,19.67,0.49,2
577,Polis,87.77,70.83,atandi,14.43,0.36,2
578,Polis,74.51,34.98,atandi,25.33,0.63,2
579,Ambulans,61.18,72.03,atandi,25.05,0.63,2
580,Ambulans,40.50,46.64,atandi,30.60,0.76,2
581,Yangin,52.79,5.27,atandi,1.69,0.04,2
582,Ambulans,17.47,51.69,atandi,41.76,1.04,2
583,Ambulans,93.05,7.69,atandi,37.59,0.94,2
584,Polis,29.57,76.31,atandi,12.62,0.32,2
585,Yangin,69.01,81.74,atandi,22.72,0.57,2
586,Ambulans,66.02,30.94,atandi,16.44,0.41,2
587,Ambulans,11.10,42.62,atandi,35.82,0.90,2
588,Ambulans,99.35,30.98,atandi,25.73,0.64,2
589,Yangin,54.54,98.40,atandi,57.29,1.43,2
590,Yangin,57.35,14.20,atandi,12.04,0.30,2
591,Yangin,81.48,55.47,atandi,45.82,1.15,2
592,Yangin,52.15,19.63,atandi,19.71,0.49,2
593,Yangin,59.95,4.08,atanmadi,0.00,0.00,0
594,Ambulans,0.71,83.48,atandi,83.96,2.10,2
595,Polis,87.73,21.74,atandi,10.51,0.26,2
596,Polis,11.83,92.10,atandi,7.89,0.20,2
597,Yangin,47.41,78.21,atanmadi,0.00,0.00,0
598,Yangin,19.82,14.69,atanmadi,0.00,0.00,0
599,Yangin,23.42,73.75,atanmadi,0.00,0.00,0
600,Ambulans,13.31,21.77,atandi,22.03,0.55,2
601,Polis,97.54,25.73,atandi,26.07,0.65,2
602,Yangin,14.58,26.94,atanmadi,0.00,0.00,0
603,Polis,61.07,28.10,atandi,17.86,0.45,2
604,Ambulans,19.64,61.25,atanmadi,0.00,0.00,0
605,Polis,20.42,25.54,atandi,53.42,1.34,2
606,Polis,12.26,77.66,atandi,20.58,0.51,2
607,Polis,35.12,35.64,atandi,35.94,0.90,2
608,Ambulans,63.62,91.47,atanmadi,0.00,0.00,0
609,Ambulans,32.46,68.95,atanmadi,0.00,0.00,0
610,Polis,90.76,65.31,atandi,32.31,0.81,2
611,Ambulans,69.45,0.07,atanmadi,0.00,0.00,0
612,Yangin,46.89,96.13,atanmadi,0.00,0.00,0
613,Ambulans,53.71,21.91,atanmadi,0.00,0.00,0
614,Ambulans,36.06,4.23,atanmadi,0.00,0.00,0
615,Polis,26.87,2.84,atandi,22.14,0.55,2
616,Ambulans,95.20,46.38,atanmadi,0.00,0.00,0
617,Ambulans,11.98,94.50,atanmadi,0.00,0.00,0
618,Ambulans,10.85,75.15,atanmadi,0.00,0.00,0
619,Polis,45.41,99.12,atandi,4.68,0.12,2
620,Yangin,73.14,65.20,atandi,33.83,0.85,2
621,Ambulans,28.87,1.28,atanmadi,0.00,0.00,0
622,Yangin,51.23,76.94,atanmadi,0.00,0.00,0
623,Polis,22.64,48.67,atandi,39.59,0.99,2
624,Yangin,83.81,42.34,atandi,49.67,1.24,2
625,Polis,74.90,62.81,atandi,51.35,1.28,2
626,Ambulans,55.04,24.45,atanmadi,0.00,0.00,0
627,Polis,81.38,76.58,atanmadi,0.00,0.00,0
628,Polis,14.12,77.55,atanmadi,0.00,0.00,0
629,Polis,48.38,24.74,atanmadi,0.00,0.00,0
630,Yangin,37.76,80.59,atandi,70.08,1.75,2
631,Ambulans,41.96,62.39,atanmadi,0.00,0.00,0
632,Yangin,71.57,89.79,atanmadi,0.00,0.00,0
633,Yangin,54.06,26.38,atanmadi,0.00,0.00,0
634,Polis,97.54,55.40,atanmadi,0.00,0.00,0
635,Yangin,91.80,21.66,atanmadi,0.00,0.00,0
636,Ambulans,62.44,56.95,atanmadi,0.00,0.00,0
637,Ambulans,54.56,50.07,atanmadi,0.00,0.00,0
638,Polis,33.25,72.36,atanmadi,0.00,0.00,0
639,Polis,73.93,73.90,atanmadi,0.00,0.00,0
640,Yangin,54.60,32.56,atanmadi,0.00,0.00,0
641,Ambulans,84.16,39.81,atanmadi,0.00,0.00,0
642,Ambulans,71.86,5.57,atanmadi,0.00,0.00,0
643,Yangin,39.08,57.16,atanmadi,0.00,0.00,0
644,Ambulans,50.06,10.89,atanmadi,0.00,0.00,0
645,Ambulans,86.82,51.53,atanmadi,0.00,0.00,0
646,Ambulans,44.01,52.15,atanmadi,0.00,0.00,0
647,Ambulans,79.49,51.73,atanmadi,0.00,0.00,0
648,Polis,40.47,42.88,atandi,46.35,1.16,2
649,Ambulans,58.38,47.42,atanmadi,0.00,0.00,0
650,Ambulans,2.90,59.11,atanmadi,0.00,0.00,0
651,Polis,28.87,90.87,atanmadi,0.00,0.00,0
652,Yangin,67.60,28.46,atandi,9.06,0.23,2
653,Ambulans,36.03,87.21,atanmadi,0.00,0.00,0
654,Yangin,61.48,45.80,atanmadi,0.00,0.00,0
655,Yangin,41.87,55.51,atanmadi,0.00,0.00,0
656,Yangin,51.76,14.44,atandi,29.22,0.73,2
657,Yangin,5.60,88.90,atanmadi,0.00,0.00,0
658,Yangin,43.07,39.50,atanmadi,0.00,0.00,0
659,Polis,27.11,35.60,atanmadi,0.00,0.00,0
660,Ambulans,96.65,52.51,atanmadi,0.00,0.00,0
661,Polis,51.17,69.07,atanmadi,0.00,0.00,0
662,Yangin,75.97,35.06,atanmadi,0.00,0.00,0
663,Polis,82.54,93.12,atanmadi,0.00,0.00,0
664,Polis,98.91,33.30,atanmadi,0.00,0.00,0
665,Ambulans,37.94,4.34,atanmadi,0.00,0.00,0
666,Yangin,56.17,21.33,atandi,49.91,1.25,2
667,Ambulans,50.94,70.15,atanmadi,0.00,0.00,0
668,Yangin,5.57,58.97,atanmadi,0.00,0.00,0
669,Polis,42.50,23.83,atanmadi,0.00,0.00,0
670,Ambulans,13.69,63.13,atanmadi,0.00,0.00,0
671,Polis,88.25,65.62,atanmadi,0.00,0.00,0
672,Polis,72.48,3.26,atanmadi,0.00,0.00,0
673,Polis,87.78,19.79,atanmadi,0.00,0.00,0
674,Yangin,86.53,46.05,atandi,87.13,2.18,2
675,Ambulans,15.64,17.73,atandi,23.55,0.59,2
676,Yangin,74.32,49.29,atanmadi,0.00,0.00,0
677,Ambulans,10.88,10.09,atandi,103.51,2.59,2
678,Yangin,96.23,50.48,atanmadi,0.00,0.00,0
679,Yangin,81.59,19.64,atanmadi,0.00,0.00,0
680,Ambulans,59.40,40.42,atanmadi,0.00,0.00,0
681,Ambulans,70.43,65.92,atanmadi,0.00,0.00,0
682,Ambulans,79.55,77.84,atanmadi,0.00,0.00,0
683,Polis,25.34,40.62,atanmadi,0.00,0.00,0
684,Polis,44.03,34.12,atanmadi,0.00,0.00,0
685,Polis,79.16,90.41,atanmadi,0.00,0.00,0
686,Ambulans,45.82,75.72,atanmadi,0.00,0.00,0
687,Polis,85.15,50.02,atanmadi,0.00,0.00,0
688,Yangin,39.83,44.79,atanmadi,0.00,0.00,0
689,Yangin,55.35,35.38,atandi,38.36,0.96,2
690,Yangin,19.39,4.21,atandi,85.25,2.13,2
691,Yangin,4.21,71.85,atandi,20.98,0.52,2
692,Ambulans,13.60,15.76,atandi,39.35,0.98,2
693,Yangin,71.35,78.67,atanmadi,0.00,0.00,0
694,Yangin,86.73,35.39,atanmadi,0.00,0.00,0
695,Polis,14.54,49.90,atandi,41.87,1.05,2
696,Yangin,31.41,68.35,atanmadi,0.00,0.00,0
697,Ambulans,20.24,30.30,atanmadi,0.00,0.00,0
698,Polis,14.88,5.97,atanmadi,0.00,0.00,0
699,Ambulans,92.69,10.59,atanmadi,0.00,0.00,0
700,Polis,81.34,84.29,atanmadi,0.00,0.00,0
701,Yangin,9.70,8.70,atanmadi,0.00,0.00,0
702,Ambulans,97.53,3.82,atanmadi,0.00,0.00,0
703,Yangin,83.52,44.56,atanmadi,0.00,0.00,0
704,Ambulans,79.88,43.87,atanmadi,0.00,0.00,0
705,Ambulans,21.07,52.76,atandi,46.68,1.17,2
706,Ambulans,96.37,66.50,atanmadi,0.00,0.00,0
707,Ambulans,82.45,70.26,atanmadi,0.00,0.00,0
708,Ambulans,63.83,21.65,atanmadi,0.00,0.00,0
709,Polis,33.30,12.69,atanmadi,0.00,0.00,0
710,Polis,8.26,91.40,atanmadi,0.00,0.00,0
711,Yangin,55.04,8.62,atandi,63.18,1.58,2
712,Ambulans,91.81,27.37,atanmadi,0.00,0.00,0
713,Yangin,59.69,6.29,atanmadi,0.00,0.00,0
714,Yangin,31.75,41.01,atanmadi,0.00,0.00,0
715,Yangin,58.44,37.69,atanmadi,0.00,0.00,0
716,Yangin,89.07,78.90,atanmadi,0.00,0.00,0
717,Polis,98.14,39.93,atandi,55.86,1.40,2
718,Ambulans,79.94,85.18,atanmadi,0.00,0.00,0
719,Ambulans,24.51,59.78,atanmadi,0.00,0.00,0
720,Ambulans,46.82,43.60,atanmadi,0.00,0.00,0
721,Yangin,53.87,77.91,atanmadi,0.00,0.00,0
722,Ambulans,12.15,29.36,atanmadi,0.00,0.00,0
723,Polis,15.41,44.54,atandi,48.51,1.21,2
724,Yangin,5.30,93.77,atanmadi,0.00,0.00,0
725,Ambulans,55.37,90.56,atandi,11.96,0.30,2
726,Ambulans,62.09,96.27,atanmadi,0.00,0.00,0
727,Yangin,9.34,13.31,atanmadi,0.00,0.00,0
728,Polis,20.14,5.80,atandi,102.81,2.57,2
729,Ambulans,13.52,17.84,atanmadi,0.00,0.00,0
730,Polis,62.15,92.86,atanmadi,0.00,0.00,0
731,Ambulans,22.37,38.95,atanmadi,0.00,0.00,0
732,Ambulans,20.85,48.09,atanmadi,0.00,0.00,0
733,Ambulans,25.63,32.54,atanmadi,0.00,0.00,0
734,Ambulans,31.30,53.04,atanmadi,0.00,0.00,0
735,Polis,83.33,22.63,atandi,22.96,0.57,2
736,Polis,49.90,16.97,atanmadi,0.00,0.00,0
737,Polis,47.70,85.11,atandi,14.70,0.37,2
738,Ambulans,61.63,73.06,atandi,41.97,1.05,2
739,Yangin,16.41,81.85,atanmadi,0.00,0.00,0
740,Polis,59.68,47.04,atanmadi,0.00,0.00,0
741,Polis,70.17,61.20,atanmadi,0.00,0.00,0
742,Yangin,1.75,36.20,atanmadi,0.00,0.00,0
743,Ambulans,22.37,0.10,atandi,104.01,2.60,2
744,Ambulans,98.27,92.29,atanmadi,0.00,0.00,0
745,Polis,99.82,21.89,atanmadi,0.00,0.00,0
746,Polis,75.66,11.38,atanmadi,0.00,0.00,0
747,Polis,8.23,43.03,atanmadi,0.00,0.00,0
748,Yangin,87.73,97.09,atanmadi,0.00,0.00,0
749,Polis,36.98,63.18,atandi,50.95,1.27,2
750,Yangin,28.24,8.02,atanmadi,0.00,0.00,0
751,Polis,1.82,47.87,atandi,9.36,0.23,3
752,Polis,82.75,54.87,atandi,7.35,0.18,3
753,Yangin,40.54,92.73,atandi,4.05,0.10,3
754,Yangin,90.07,41.34,atandi,10.10,0.25,3
755,Ambulans,98.97,35.30,atandi,9.90,0.25,3
756,Yangin,85.10,97.27,atandi,16.69,0.42,3
757,Polis,13.22,24.72,atandi,4.69,0.12,3
758,Yangin,98.06,27.74,atandi,8.64,0.22,3
759,Polis,75.92,19.84,atandi,7.75,0.19,3
760,Ambulans,14.25,27.70,atandi,6.42,0.16,3
761,Ambulans,9.39,15.53,atandi,2.32,0.06,3
762,Yangin,50.56,1.28,atandi,11.77,0.29,3
763,Yangin,84.73,11.79,atandi,7.54,0.19,3
764,Yangin,15.96,2.97,atandi,20.57,0.51,3
765,Polis,37.86,57.85,atandi,4.36,0.11,3
766,Ambulans,67.44,80.43,atandi,12.21,0.31,3
767,Ambulans,71.00,12.08,atandi,7.89,0.20,3
768,Yangin,30.94,73.97,atandi,7.16,0.18,3
769,Yangin,16.35,72.53,atandi,6.80,0.17,3
770,Polis,44.11,64.16,atandi,12.67,0.32,3
771,Ambulans,59.19,88.38,atandi,8.10,0.20,3
772,Polis,90.25,72.70,atandi,8.42,0.21,3
773,Polis,92.35,29.43,atandi,9.50,0.24,3
774,Polis,51.28,15.93,atandi,7.57,0.19,3
775,Yangin,70.66,7.67,atandi,10.02,0.25,3
776,Yangin,32.75,50.25,atandi,7.44,0.19,3
777,Ambulans,83.21,50.53,atandi,15.23,0.38,3
778,Ambulans,62.96,14.62,atandi,12.26,0.31,3
779,Yangin,5.39,16.85,atandi,4.32,0.11,3
780,Polis,2.27,48.57,atandi,15.33,0.38,3
781,Yangin,51.79,70.59,atandi,5.11,0.13,3
782,Yangin,22.04,50.74,atandi,10.46,0.26,3
783,Polis,70.43,48.74,atandi,16.01,0.40,3
784,Ambulans,1.43,86.66,atandi,6.98,0.17,3
785,Yangin,31.82,82.40,atandi,14.47,0.36,3
786,Polis,56.34,76.69,atandi,3.12,0.08,3
787,Ambulans,12.16,4.57,atandi,8.32,0.21,3
788,Polis,2.88,36.77,atandi,22.77,0.57,3
789,Yangin,88.40,91.00,atandi,11.71,0.29,3
790,Yangin,99.87,47.36,atandi,18.76,0.47,3
791,Yangin,40.29,83.67,atandi,12.90,0.32,3
792,Yangin,65.65,17.48,atandi,8.88,0.22,3
793,Polis,60.98,8.66,atandi,5.56,0.14,3
794,Ambulans,55.53,35.90,atandi,14.12,0.35,3
795,Polis,30.05,0.27,atandi,17.46,0.44,3
796,Yangin,58.78,53.54,atandi,6.05,0.15,3
797,Polis,14.92,82.58,atandi,6.94,0.17,3
798,Yangin,13.29,30.11,atandi,38.02,0.95,3
799,Yangin,76.57,59.19,atandi,12.32,0.31,3
800,Yangin,35.49,32.52,atandi,18.60,0.46,3
801,Polis,99.66,59.89,atandi,4.23,0.11,3
802,Yangin,24.34,18.50,atandi,31.14,0.78,3
803,Ambulans,77.06,85.62,atandi,5.06,0.13,3
804,Ambulans,88.30,58.42,atandi,12.02,0.30,3
805,Polis,54.10,83.98,atandi,11.48,0.29,3
806,Ambulans,32.13,72.02,atandi,6.18,0.15,3
807,Ambulans,67.47,85.91,atandi,11.95,0.30,3
808,Polis,53.82,54.36,atandi,11.67,0.29,3
809,Yangin,53.11,22.60,atandi,2.41,0.06,3
810,Polis,87.63,57.18,atandi,30.42,0.76,3
811,Yangin,42.76,97.06,atandi,14.56,0.36,3
812,Yangin,69.08,84.61,atandi,6.38,0.16,3
813,Ambulans,27.89,69.18,atandi,4.27,0.11,3
814,Yangin,48.45,42.92,atandi,18.66,0.47,3
815,Polis,14.76,30.21,atandi,20.74,0.52,3
816,Polis,7.27,91.37,atandi,3.54,0.09,3
817,Ambulans,26.61,35.26,atandi,9.07,0.23,3
818,Yangin,89.10,53.76,atandi,23.30,0.58,3
819,Yangin,48.45,75.97,atandi,9.67,0.24,3
820,Ambulans,58.60,57.64,atandi,13.85,0.35,3
821,Ambulans,44.81,78.07,atandi,3.19,0.08,3
822,Yangin,73.09,75.30,atandi,5.24,0.13,3
823,Ambulans,79.07,63.22,atandi,38.63,0.97,3
824,Yangin,28.33,97.08,atandi,25.74,0.64,3
825,Yangin,32.39,53.75,atandi,39.41,0.99,3
826,Yangin,56.87,26.24,atandi,7.21,0.18,3
827,Polis,51.76,20.14,atandi,11.35,0.28,3
828,Yangin,37.39,77.93,atandi,28.99,0.72,3
829,Ambulans,89.15,97.39,atandi,36.69,0.92,3
830,Ambulans,90.75,78.97,atandi,57.13,1.43,3
831,Polis,35.66,61.48,atandi,11.49,0.29,3
832,Polis,81.94,96.75,atandi,3.23,0.08,3
833,Ambulans,81.79,38.34,atandi,27.87,0.70,3
834,Polis,95.83,1.01,atandi,6.87,0.17,3
835,Yangin,42.76,12.03,atandi,92.98,2.32,3
836,Ambulans,6.78,88.12,atandi,8.31,0.21,3
837,Polis,63.17,16.95,atandi,28.03,0.70,3
838,Yangin,69.21,33.80,atanmadi,0.00,0.00,0
839,Yangin,25.74,46.37,atanmadi,0.00,0.00,0
840,Yangin,15.92,63.45,atanmadi,0.00,0.00,0
841,Yangin,6.81,4.43,atanmadi,0.00,0.00,0
842,Yangin,24.07,95.48,atanmadi,0.00,0.00,0
843,Ambulans,16.21,90.66,atandi,3.47,0.09,3
844,Yangin,49.28,4.06,atanmadi,0.00,0.00,0
845,Ambulans,73.69,62.81,atandi,55.37,1.38,3
846,Yangin,97.60,91.04,atanmadi,0.00,0.00,0
847,Yangin,77.27,17.67,atanmadi,0.00,0.00,0
848,Ambulans,74.69,29.88,atandi,36.24,0.91,3
849,Yangin,10.05,56.91,atanmadi,0.00,0.00,0
850,Polis,43.52,23.71,atandi,51.48,1.29,3
851,Ambulans,91.71,11.39,atandi,54.49,1.36,3
852,Polis,32.49,75.37,atandi,29.39,0.73,3
853,Yangin,50.71,12.52,atanmadi,0.00,0.00,0
854,Polis,41.90,31.69,atandi,62.98,1.57,3
855,Yangin,77.18,91.68,atandi,40.39,1.01,3
856,Yangin,97.85,35.43,atanmadi,0.00,0.00,0
857,Ambulans,4.11,88.23,atandi,9.28,0.23,3
858,Yangin,94.45,15.93,atanmadi,0.00,0.00,0
859,Ambulans,83.60,22.01,atandi,64.37,1.61,3
860,Ambulans,72.19,25.74,atandi,55.30,1.38,3
861,Polis,56.82,52.25,atandi,47.69,1.19,3
862,Polis,43.10,50.88,atandi,62.78,1.57,3
863,Yangin,83.35,2.14,atanmadi,0.00,0.00,0
864,Yangin,65.06,85.37,atanmadi,0.00,0.00,0
865,Polis,21.77,50.64,atandi,41.34,1.03,3
866,Ambulans,57.25,75.55,atandi,71.19,1.78,3
867,Yangin,8.55,27.51,atanmadi,0.00,0.00,0
868,Yangin,4.55,18.65,atanmadi,0.00,0.00,0
869,Polis,5.50,82.78,atanmadi,0.00,0.00,0
870,Ambulans,21.09,42.89,atandi,30.20,0.75,3
871,Yangin,10.48,58.28,atandi,56.11,1.40,3
872,Polis,59.97,50.29,atanmadi,0.00,0.00,0
873,Ambulans,31.06,93.12,atanmadi,0.00,0.00,0
874,Yangin,0.61,73.27,atanmadi,0.00,0.00,0
875,Ambulans,63.85,86.64,atanmadi,0.00,0.00,0
876,Polis,94.22,11.98,atandi,74.88,1.87,3
877,Yangin,32.67,73.53,atanmadi,0.00,0.00,0
878,Polis,58.08,33.45,atandi,46.19,1.15,3
879,Ambulans,97.63,93.44,atanmadi,0.00,0.00,0
880,Polis,7.19,10.45,atanmadi,0.00,0.00,0
881,Yangin,45.90,89.98,atanmadi,0.00,0.00,0
882,Ambulans,17.84,7.26,atanmadi,0.00,0.00,0
883,Yangin,11.53,87.24,atanmadi,0.00,0.00,0
884,Ambulans,91.18,35.44,atanmadi,0.00,0.00,0
885,Polis,44.74,89.50,atanmadi,0.00,0.00,0
886,Polis,34.81,24.33,atanmadi,0.00,0.00,0
887,Ambulans,43.84,2.38,atanmadi,0.00,0.00,0
888,Yangin,71.59,85.23,atandi,93.94,2.35,3
889,Ambulans,23.81,64.34,atanmadi,0.00,0.00,0
890,Ambulans,65.97,37.91,atanmadi,0.00,0.00,0
891,Yangin,83.89,50.32,atanmadi,0.00,0.00,0
892,Polis,59.13,84.70,atanmadi,0.00,0.00,0
893,Ambulans,72.47,49.70,atanmadi,0.00,0.00,0
894,Polis,31.31,91.42,atanmadi,0.00,0.00,0
895,Polis,10.23,88.34,atanmadi,0.00,0.00,0
896,Ambulans,8.79,1.89,atanmadi,0.00,0.00,0
897,Yangin,57.63,61.33,atanmadi,0.00,0.00,0
898,Polis,45.49,15.57,atanmadi,0.00,0.00,0
899,Ambulans,50.89,90.34,atanmadi,0.00,0.00,0
900,Polis,31.04,20.93,atanmadi,0.00,0.00,0
901,Yangin,57.98,84.48,atanmadi,0.00,0.00,0
902,Yangin,36.51,87.36,atanmadi,0.00,0.00,0
903,Yangin,89.01,63.85,atanmadi,0.00,0.00,0
904,Polis,61.39,44.15,atanmadi,0.00,0.00,0
905,Polis,93.10,96.05,atandi,87.89,2.20,3
906,Yangin,33.72,16.89,atanmadi,0.00,0.00,0
907,Polis,24.91,28.27,atandi,78.36,1.96,3
908,Polis,4.34,87.57,atanmadi,0.00,0.00,0
909,Yangin,89.73,29.80,atandi,53.76,1.34,3
910,Ambulans,37.97,8.19,atandi,67.31,1.68,3
911,Yangin,99.77,1.97,atanmadi,0.00,0.00,0
912,Yangin,95.29,47.61,atanmadi,0.00,0.00,0
913,Ambulans,86.99,7.91,atanmadi,0.00,0.00,0
914,Ambulans,58.36,65.23,atanmadi,0.00,0.00,0
915,Ambulans,19.60,40.63,atanmadi,0.00,0.00,0
916,Polis,26.97,26.67,atandi,88.71,2.22,3
917,Yangin,16.74,74.05,atanmadi,0.00,0.00,0
918,Polis,99.61,85.21,atanmadi,0.00,0.00,0
919,Ambulans,22.04,10.78,atanmadi,0.00,0.00,0
920,Yangin,72.22,29.10,atanmadi,0.00,0.00,0
921,Ambulans,68.72,94.14,atandi,51.93,1.30,3
922,Yangin,22.13,72.42,atanmadi,0.00,0.00,0
923,Polis,10.98,10.43,atanmadi,0.00,0.00,0
924,Ambulans,48.44,52.57,atandi,40.57,1.01,3
925,Yangin,60.29,48.28,atanmadi,0.00,0.00,0
926,Polis,73.80,36.54,atanmadi,0.00,0.00,0
927,Polis,36.48,1.28,atanmadi,0.00,0.00,0
928,Ambulans,58.15,88.38,atanmadi,0.00,0.00,0
929,Yangin,19.42,34.76,atanmadi,0.00,0.00,0
930,Yangin,95.36,37.42,atanmadi,0.00,0.00,0
931,Yangin,37.22,85.94,atanmadi,0.00,0.00,0
932,Polis,72.45,32.42,atanmadi,0.00,0.00,0
933,Polis,91.55,15.07,atandi,34.21,0.86,3
934,Yangin,4.82,99.60,atanmadi,0.00,0.00,0
935,Polis,32.50,51.89,atandi,55.53,1.39,3
936,Yangin,17.90,26.20,atanmadi,0.00,0.00,0
937,Polis,10.80,69.73,atandi,80.68,2.02,3
938,Polis,66.42,19.86,atanmadi,0.00,0.00,0
939,Yangin,49.63,55.17,atanmadi,0.00,0.00,0
940,Polis,62.48,78.74,atanmadi,0.00,0.00,0
941,Polis,79.84,12.62,atanmadi,0.00,0.00,0
942,Polis,22.32,57.39,atanmadi,0.00,0.00,0
943,Ambulans,17.03,32.76,atandi,61.06,1.53,3
944,Yangin,77.57,28.50,atandi,75.40,1.88,3
945,Yangin,78.11,87.17,atanmadi,0.00,0.00,0
946,Ambulans,36.31,75.62,atandi,43.07,1.08,3
947,Yangin,41.32,1.88,atandi,78.00,1.95,3
948,Ambulans,62.74,67.75,atanmadi,0.00,0.00,0
949,Yangin,39.67,62.44,atandi,26.95,0.67,3
950,Yangin,76.46,99.71,atanmadi,0.00,0.00,0
951,Yangin,80.58,61.76,atanmadi,0.00,0.00,0
952,Polis,9.15,71.54,atanmadi,0.00,0.00,0
953,Polis,82.15,69.80,atandi,57.66,1.44,3
954,Yangin,4.79,42.30,atandi,80.27,2.01,3
955,Yangin,64.28,39.16,atandi,40.21,1.01,3
956,Polis,94.06,77.87,atanmadi,0.00,0.00,0
957,Polis,40.27,51.47,atanmadi,0.00,0.00,0
958,Polis,17.34,22.59,atanmadi,0.00,0.00,0
959,Polis,58.87,16.77,atanmadi,0.00,0.00,0
960,Polis,90.81,55.42,atanmadi,0.00,0.00,0
961,Polis,80.32,70.00,atanmadi,0.00,0.00,0
962,Yangin,93.44,90.06,atandi,74.72,1.87,3
963,Yangin,90.29,36.69,atanmadi,0.00,0.00,0
964,Ambulans,67.84,93.84,atandi,47.94,1.20,3
965,Polis,51.58,38.83,atandi,29.05,0.73,3
966,Ambulans,66.36,11.74,atandi,11.52,0.29,3
967,Polis,50.28,2.35,atanmadi,0.00,0.00,0
968,Polis,20.21,38.20,atanmadi,0.00,0.00,0
969,Yangin,70.15,53.35,atanmadi,0.00,0.00,0
970,Ambulans,39.72,95.67,atandi,35.14,0.88,3
971,Polis,97.09,86.01,atandi,80.50,2.01,3
972,Yangin,70.36,66.82,atandi,19.34,0.48,3
973,Polis,1.00,50.71,atanmadi,0.00,0.00,0
974,Ambulans,46.21,95.37,atandi,13.86,0.35,3
975,Polis,97.76,73.39,atanmadi,0.00,0.00,0
976,Ambulans,51.67,86.42,atanmadi,0.00,0.00,0
977,Yangin,38.33,34.69,atandi,53.15,1.33,3
978,Polis,61.68,9.46,atanmadi,0.00,0.00,0
979,Ambulans,59.43,4.91,atanmadi,0.00,0.00,0
980,Yangin,15.51,23.99,atanmadi,0.00,0.00,0
981,Yangin,48.78,64.87,atanmadi,0.00,0.00,0
982,Ambulans,37.20,35.13,atanmadi,0.00,0.00,0
983,Polis,88.69,71.64,atandi,6.80,0.17,3
984,Ambulans,6.51,76.25,atanmadi,0.00,0.00,0
985,Polis,92.90,96.37,atanmadi,0.00,0.00,0
986,Polis,96.03,5.44,atandi,94.20,2.36,3
987,Ambulans,32.89,24.10,atanmadi,0.00,0.00,0
988,Yangin,7.03,48.37,atanmadi,0.00,0.00,0
989,Polis,93.40,14.75,atanmadi,0.00,0.00,0
990,Ambulans,51.28,44.83,atanmadi,0.00,0.00,0
991,Polis,63.63,37.75,atanmadi,0.00,0.00,0
992,Polis,24.86,60.97,atanmadi,0.00,0.00,0
993,Ambulans,91.23,62.11,atanmadi,0.00,0.00,0
994,Ambulans,94.79,64.58,atanmadi,0.00,0.00,0
995,Yangin,2.48,20.12,atanmadi,0.00,0.00,0
996,Yangin,89.09,89.31,atanmadi,0.00,0.00,0
997,Ambulans,20.55,11.13,atandi,4.85,0.12,3
998,Polis,31.97,65.58,atanmadi,0.00,0.00,0
999,Polis,4.59,97.88,atanmadi,0.00,0.00,0
1000,Ambulans,0.16,97.64,atanmadi,0.00,0.00,0

ISTATISTIKLER
Toplam olay sayisi      : 1000
Basariyla mudahale      : 534
Basari orani            : 53.40%
Toplam mudahale suresi  : 346.13 saniye
Ortalama mudahale suresi: 0.65 saniye
Toplam mesafe           : 13845.06 birim
